{
	"pattrstorage" : 	{
		"name" : "markov",
		"slots" : 		{
			"1" : 			{
				"id" : 1,
				"data" : 				{
					"button" : [ 0.0 ],
					"js" : [  ],
					"live.step[1]" : [ 4, 4, 4, 4, 1, 4, 4, 4, 0, 1, 12, 0, 4, 8.700000000000005, 16.700000000000028, 0, 0, 12, 101, 4, 0, 0, 15, 83, 4, 0, 0, 11, 57, 4, 0, 0, 14, 78, 4, 0, 0, 11, 12, 14, 15, 1, 12, 0, 4, 52.0, 65.0, 0, 0, 58, 107, 4, 0, 0, 58, 80, 4, 0, 0, 58, 25, 4, 0, 0, 58, 97, 4, 0, 0, 58, 1, 12, 0, 4, 48.0, 71.0, 0, 0, 64, 24, 4, 0, 0, 63, 26, 4, 0, 0, 61, 31, 4, 0, 0, 56, 92, 4, 0, 0, 56, 61, 63, 64, 1, 12, 0, 4, 28.872931128860298, 56.272931128860513, 0, 0, 36, 71, 4, 0, 0, 36, 68, 4, 0, 0, 36, 12, 4, 0, 0, 36, 34, 4, 0, 0 ],
					"live.step[2]" : [ 2, 64, 1, 64, 1, 1, 12, 0, 64, 55.200000000000088, 63.400000000000027, 0, 0, 58, 107, 4, 48, 100, 58, 80, 4, 48, 100, 58, 25, 4, 48, 100, 58, 97, 4, 48, 100, 58, 107, 4, 48, 100, 58, 80, 4, 48, 100, 58, 25, 4, 48, 100, 58, 97, 4, 48, 100, 58, 107, 4, 48, 100, 58, 80, 4, 48, 100, 58, 25, 4, 48, 100, 58, 97, 4, 48, 100, 58, 107, 4, 48, 100, 58, 80, 4, 48, 100, 58, 25, 4, 48, 100, 58, 97, 4, 48, 100, 58, 107, 4, 1, -34, 58, 80, 4, 1, 94, 58, 25, 4, 13, -11, 58, 97, 4, 40, -3, 58, 107, 4, 5, -9, 58, 80, 4, 20, 39, 58, 25, 4, 8, -54, 58, 97, 4, 23, 62, 58, 107, 4, 25, 52, 58, 80, 4, 39, 78, 58, 25, 4, 7, 47, 58, 97, 4, 47, -48, 58, 107, 4, 0, 27, 58, 80, 4, 12, 60, 58, 25, 4, 41, 23, 58, 97, 4, 11, -28, 58, 107, 4, 13, 12, 58, 80, 4, 43, -16, 58, 25, 4, 46, 80, 58, 97, 4, 26, -32, 58, 107, 4, 35, -11, 58, 80, 4, 46, 84, 58, 25, 4, 17, 67, 58, 97, 4, 12, 39, 58, 107, 4, 0, -90, 58, 80, 4, 8, -71, 58, 25, 4, 39, 85, 58, 97, 4, 41, 75, 58, 107, 4, 1, -13, 58, 80, 4, 30, 45, 58, 25, 4, 39, 13, 58, 97, 4, 41, -44, 58, 107, 4, 44, 33, 58, 80, 4, 7, 90, 58, 25, 4, 15, 7, 58, 97, 4, 6, 88, 58, 107, 4, 32, 80, 58, 80, 4, 43, -85, 58, 25, 4, 2, 21, 58, 97, 4, 24, -55, 58, 107, 4, 36, 75, 58, 80, 4, 26, -76, 58, 25, 4, 45, -9, 58, 97, 4, 31, -89, 58, 107, 4, 5, 58, 58, 80, 4, 35, -37, 58, 25, 4, 34, 3, 58, 97, 4, 16, 43, 58, 1, 12, 0, 64, 48.0, 71.0, 0, 0, 58, 107, 4, 17, 49, 58, 80, 4, 31, -77, 58, 25, 4, 18, 56, 58, 97, 4, 32, 1, 58, 107, 4, 48, -73, 58, 80, 4, 1, 58, 58, 25, 4, 12, -98, 58, 97, 4, 23, 10, 58, 107, 4, 34, 76, 58, 80, 4, 35, -4, 58, 25, 4, 8, 28, 58, 97, 4, 15, -43, 58, 107, 4, 14, 95, 58, 80, 4, 29, 57, 58, 25, 4, 23, 67, 58, 97, 4, 38, 39, 58, 107, 4, 47, -8, 58, 80, 4, 5, -35, 58, 25, 4, 21, -31, 58, 97, 4, 14, -47, 58, 107, 4, 6, -29, 58, 80, 4, 26, 58, 58, 25, 4, 18, -7, 58, 97, 4, 18, -100, 58, 107, 4, 26, -29, 58, 80, 4, 36, 3, 58, 25, 4, 26, -97, 58, 97, 4, 7, -47, 58, 107, 4, 36, 66, 58, 80, 4, 1, 77, 58, 25, 4, 30, -64, 58, 97, 4, 9, -68, 58, 107, 4, 5, 10, 58, 80, 4, 5, 92, 58, 25, 4, 43, 87, 58, 97, 4, 9, 100, 58, 107, 4, 32, 52, 58, 80, 4, 48, -42, 58, 25, 4, 37, 54, 58, 97, 4, 13, -56, 58, 107, 4, 34, 15, 58, 80, 4, 38, -68, 58, 25, 4, 48, 67, 58, 97, 4, 4, 5, 58, 107, 4, 11, 83, 58, 80, 4, 3, 57, 58, 25, 4, 2, -17, 58, 97, 4, 10, 5, 58, 107, 4, 37, 48, 58, 80, 4, 12, -37, 58, 25, 4, 38, -49, 58, 97, 4, 35, -60, 58, 107, 4, 0, -60, 58, 80, 4, 45, 47, 58, 25, 4, 5, 90, 58, 97, 4, 35, 64, 58, 107, 4, 12, -93, 58, 80, 4, 24, -34, 58, 25, 4, 38, -38, 58, 97, 4, 7, -89, 58, 107, 4, 9, 34, 58, 80, 4, 45, -92, 58, 25, 4, 6, -39, 58, 97, 4, 48, 18, 58 ],
					"live.step[3]" : [ 2, 64, 4, 64, 4, 1, 12, 0, 64, 0.199999999999416, 19.799999999999546, 0, 0, 12, 101, 4, 48, 100, 15, 83, 4, 48, 100, 11, 57, 4, 48, 100, 14, 78, 4, 48, 100, 12, 101, 4, 48, 100, 15, 83, 4, 48, 100, 11, 57, 4, 48, 100, 14, 78, 4, 48, 100, 12, 101, 4, 48, 100, 15, 83, 4, 48, 100, 11, 57, 4, 48, 100, 14, 78, 4, 48, 100, 12, 101, 4, 48, 100, 15, 83, 4, 48, 100, 11, 57, 4, 48, 100, 14, 78, 4, 48, 100, 12, 101, 4, 8, -52, 15, 83, 4, 30, 49, 11, 57, 4, 30, 79, 14, 78, 4, 3, 100, 12, 101, 4, 7, -96, 15, 83, 4, 7, -25, 11, 57, 4, 41, 83, 14, 78, 4, 37, 30, 12, 101, 4, 35, -33, 15, 83, 4, 30, 18, 11, 57, 4, 18, -68, 14, 78, 4, 37, 91, 12, 101, 4, 8, -95, 15, 83, 4, 21, 100, 11, 57, 4, 31, -100, 14, 78, 4, 22, -42, 12, 101, 4, 21, -3, 15, 83, 4, 32, 77, 11, 57, 4, 18, 9, 14, 78, 4, 38, 58, 12, 101, 4, 29, 6, 15, 83, 4, 43, 27, 11, 57, 4, 4, -69, 14, 78, 4, 7, -70, 12, 101, 4, 32, 10, 15, 83, 4, 5, -57, 11, 57, 4, 11, -44, 14, 78, 4, 4, -54, 12, 101, 4, 10, 2, 15, 83, 4, 47, 72, 11, 57, 4, 44, -96, 14, 78, 4, 19, 97, 12, 101, 4, 46, -2, 15, 83, 4, 44, 60, 11, 57, 4, 8, 60, 14, 78, 4, 48, -4, 12, 101, 4, 23, -83, 15, 83, 4, 34, -61, 11, 57, 4, 18, 99, 14, 78, 4, 41, 48, 12, 101, 4, 6, -90, 15, 83, 4, 30, -9, 11, 57, 4, 23, -20, 14, 78, 4, 11, -18, 12, 101, 4, 32, 91, 15, 83, 4, 42, -1, 11, 57, 4, 18, 75, 14, 78, 4, 27, 13, 11, 12, 14, 15, 1, 12, 0, 64, 48.0, 71.0, 0, 0, 12, 101, 4, 8, -50, 15, 83, 4, 25, 52, 11, 57, 4, 28, -12, 14, 78, 4, 34, 68, 12, 101, 4, 15, 11, 15, 83, 4, 39, 46, 11, 57, 4, 25, 21, 14, 78, 4, 31, -20, 12, 101, 4, 41, 66, 15, 83, 4, 27, -96, 11, 57, 4, 46, 46, 14, 78, 4, 27, 86, 12, 101, 4, 12, -42, 15, 83, 4, 34, -90, 11, 57, 4, 12, -44, 14, 78, 4, 39, 62, 12, 101, 4, 2, 96, 15, 83, 4, 26, 54, 11, 57, 4, 6, 13, 14, 78, 4, 3, 0, 12, 101, 4, 7, 90, 15, 83, 4, 45, 10, 11, 57, 4, 8, -32, 14, 78, 4, 9, -56, 12, 101, 4, 13, -28, 15, 83, 4, 44, 33, 11, 57, 4, 38, -23, 14, 78, 4, 20, 43, 12, 101, 4, 6, -38, 15, 83, 4, 47, -72, 11, 57, 4, 22, -11, 14, 78, 4, 25, -16, 12, 101, 4, 32, -29, 15, 83, 4, 4, 66, 11, 57, 4, 30, -19, 14, 78, 4, 43, 95, 12, 101, 4, 15, -45, 15, 83, 4, 41, -60, 11, 57, 4, 36, 88, 14, 78, 4, 48, 4, 12, 101, 4, 19, 64, 15, 83, 4, 43, 40, 11, 57, 4, 0, 64, 14, 78, 4, 16, -99, 12, 101, 4, 38, -86, 15, 83, 4, 16, -3, 11, 57, 4, 24, -38, 14, 78, 4, 21, 87, 12, 101, 4, 32, 74, 15, 83, 4, 17, -48, 11, 57, 4, 2, 43, 14, 78, 4, 20, -88, 12, 101, 4, 26, 6, 15, 83, 4, 16, 96, 11, 57, 4, 33, -22, 14, 78, 4, 40, -58, 12, 101, 4, 10, -92, 15, 83, 4, 38, 84, 11, 57, 4, 11, 46, 14, 78, 4, 39, 63, 12, 101, 4, 9, -44, 15, 83, 4, 43, -41, 11, 57, 4, 2, -11, 14, 78, 4, 24, 26, 11, 12, 14, 15 ],